date,fips,county,state,total_cases,total_deaths,daily_positive_7day_ma,daily_deaths_7day_ma,positivity_rate_7day_ma,prevalence_ratio_mean,prevalence_ratio_lower,prevalence_ratio_upper,rt_mean,new_infected_mean,new_infected_lower,new_infected_upper,current_infected_mean,current_infected_lower,current_infected_upper,perc_current_infected_mean,perc_current_infected_lower,perc_current_infected_upper,total_infected_mean,total_infected_lower,total_infected_upper,perc_total_infected_mean,perc_total_infected_lower,perc_total_infected_upper
1,25017,Middlesex,MA,27779,2156,109.286,2.57143,0.008037,2.1352,1.42346,3.20279,1.06016,295.05,196.7,442.576,4091.62,2727.74,6137.42,0.002539,0.001692,0.003808,173300,115534,259951,0.107527,0.071684,0.16129
2,25017,Middlesex,MA,27961,2160,122.571,3,0.008413,2.13459,1.42306,3.20188,1.06707,297.579,198.385,446.367,4154.04,2769.36,6231.05,0.002577,0.001718,0.003866,173598,115732,260397,0.107711,0.071807,0.161567
3,25017,Middlesex,MA,28101,2166,128.571,3.28571,0.008755,2.14476,1.42984,3.21714,1.06982,299.592,199.728,449.388,4203.46,2802.31,6305.19,0.002608,0.001739,0.003912,173898,115932,260846,0.107897,0.071931,0.161846
4,25017,Middlesex,MA,28243,2166,129,2.85714,0.009511,2.18016,1.45344,3.27023,1.0737,303.859,202.572,455.788,4246.71,2831.14,6370.06,0.002635,0.001757,0.003952,174201,116134,261302,0.108086,0.072057,0.162128
5,25017,Middlesex,MA,28308,2172,130.857,3.28571,0.009981,2.19673,1.46449,3.29509,1.08239,308.096,205.397,462.144,4282.62,2855.08,6423.92,0.002657,0.001771,0.003986,174510,116340,261764,0.108277,0.072185,0.162415
6,25017,Middlesex,MA,28392,2172,126.429,3.28571,0.010212,2.20817,1.47212,3.31226,1.09359,314.395,209.596,471.592,4319.49,2879.66,6479.23,0.00268,0.001787,0.00402,174824,116549,262236,0.108472,0.072315,0.162708
7,25017,Middlesex,MA,28533,2175,129.857,3,0.010236,2.20762,1.47174,3.31142,1.1089,325.364,216.909,488.046,4366.82,2911.21,6550.23,0.002709,0.001806,0.004064,175149,116766,262724,0.108674,0.072449,0.163011
8,25017,Middlesex,MA,28638,2178,122.714,3.14286,0.009764,2.20599,1.47066,3.30899,1.12694,340.06,226.707,510.091,4431.34,2954.22,6647,0.002749,0.001833,0.004124,175489,116993,263234,0.108885,0.07259,0.163327
9,25017,Middlesex,MA,28796,2182,119.286,3.14286,0.010139,2.22353,1.48235,3.33529,1.14618,351.94,234.626,527.91,4511.45,3007.63,6767.17,0.002799,0.001866,0.004199,175841,117228,263762,0.109103,0.072735,0.163655
10,25017,Middlesex,MA,28917,2186,116.571,2.85714,0.009969,2.216,1.47733,3.32399,1.16554,362.683,241.788,544.024,4602.69,3068.46,6904.03,0.002856,0.001904,0.004284,176204,117469,264306,0.109328,0.072885,0.163992
11,25017,Middlesex,MA,29055,2190,116,3.42857,0.009567,2.20027,1.46684,3.3004,1.18167,375.591,250.394,563.386,4703.62,3135.74,7055.43,0.002918,0.001946,0.004378,176580,117720,264869,0.109561,0.073041,0.164342
12,25017,Middlesex,MA,29225,2192,131,2.85714,0.009454,2.17356,1.44904,3.26035,1.1918,390.181,260.121,585.272,4818.21,3212.14,7227.32,0.00299,0.001993,0.004484,176970,117980,265455,0.109803,0.073202,0.164705
13,25017,Middlesex,MA,29358,2196,138,3.42857,0.0101,2.18627,1.45751,3.2794,1.19786,408.428,272.286,612.643,4946.66,3297.77,7419.99,0.003069,0.002046,0.004604,177378,118252,266067,0.110057,0.073371,0.165085
14,25017,Middlesex,MA,29460,2200,132.429,3.57143,0.010764,2.21391,1.47594,3.32086,1.19973,424.549,283.033,636.824,5086.79,3391.19,7630.19,0.003156,0.002104,0.004734,177803,118535,266704,0.11032,0.073547,0.16548
15,25017,Middlesex,MA,29587,2205,135.571,3.85714,0.01122,2.22364,1.48243,3.33546,1.1969,437.395,291.597,656.093,5234.76,3489.84,7852.14,0.003248,0.002165,0.004872,178240,118827,267360,0.110591,0.073728,0.165887
16,25017,Middlesex,MA,29728,2214,133.143,4.57143,0.011287,2.22511,1.48341,3.33766,1.19291,450.935,300.624,676.403,5390.65,3593.76,8085.97,0.003345,0.00223,0.005017,178691,119127,268037,0.110871,0.073914,0.166307
17,25017,Middlesex,MA,29845,2219,132.571,4.71429,0.01098,2.21327,1.47551,3.31991,1.18912,464.429,309.62,696.644,5557.5,3705,8336.25,0.003448,0.002299,0.005172,179155,119437,268733,0.111159,0.074106,0.166739
18,25017,Middlesex,MA,29986,2223,133,4.71429,0.011301,2.21497,1.47664,3.32245,1.18692,479.846,319.898,719.769,5737.75,3825.17,8606.63,0.00356,0.002373,0.00534,179635,119757,269453,0.111457,0.074305,0.167186
19,25017,Middlesex,MA,30182,2226,136.714,4.85714,0.011373,2.21215,1.47476,3.31822,1.18909,497.25,331.5,745.875,5931.14,3954.09,8896.72,0.00368,0.002453,0.00552,180133,120088,270199,0.111766,0.07451,0.167648
20,25017,Middlesex,MA,30367,2226,144.143,4.28571,0.011264,2.19089,1.46059,3.28634,1.19682,513.736,342.491,770.604,6136.78,4091.19,9205.18,0.003808,0.002538,0.005711,180646,120431,270970,0.112084,0.074723,0.168127
21,25017,Middlesex,MA,30502,2232,148.857,4.57143,0.011004,2.17021,1.4468,3.25531,1.21145,537.034,358.023,805.551,6359.42,4239.61,9539.14,0.003946,0.002631,0.005919,181183,120789,271775,0.112418,0.074945,0.168626
22,25017,Middlesex,MA,30656,2240,152.714,5,0.011603,2.16825,1.4455,3.25237,1.23506,567.14,378.094,850.711,6601.2,4400.8,9901.8,0.004096,0.002731,0.006144,181750,121167,272626,0.112769,0.07518,0.169154
23,25017,Middlesex,MA,30831,2243,157.571,4.14286,0.011826,2.15996,1.43997,3.23994,1.26431,602.057,401.372,903.087,6863.19,4575.47,10294.8,0.004258,0.002839,0.006388,182353,121568,273529,0.113143,0.075429,0.169715
24,25017,Middlesex,MA,31032,2245,169.571,3.71429,0.013212,2.18316,1.45544,3.27475,1.29689,642.808,428.539,964.213,7154.06,4769.38,10731.1,0.004439,0.002959,0.006658,182995,121997,274493,0.113542,0.075695,0.170313
25,25017,Middlesex,MA,31257,2252,181.571,4.14286,0.013836,2.18903,1.45936,3.28355,1.3277,688.495,458.997,1032.74,7479.87,4986.59,11219.8,0.004641,0.003094,0.006961,183684,122456,275526,0.113969,0.075979,0.170954
26,25017,Middlesex,MA,31401,2256,174.143,4.28571,0.015053,2.2142,1.47613,3.3213,1.35351,738.947,492.632,1108.42,7843.23,5228.82,11764.9,0.004866,0.003244,0.0073,184423,122949,276634,0.114428,0.076285,0.171641
27,25017,Middlesex,MA,31594,2257,175.286,4.42857,0.015937,2.23067,1.48711,3.346,1.37372,795.448,530.299,1193.17,8248.5,5499,12372.8,0.005118,0.003412,0.007677,185218,123479,277827,0.114921,0.076614,0.172382
28,25017,Middlesex,MA,31808,2265,186.571,4.71429,0.016131,2.2158,1.4772,3.32371,1.38643,846.847,564.565,1270.27,8686.91,5791.28,13030.4,0.00539,0.003593,0.008085,186065,124043,279098,0.115447,0.076964,0.17317
29,25017,Middlesex,MA,32015,2272,194.143,4.57143,0.01703,2.23163,1.48776,3.34745,1.3874,901.106,600.738,1351.66,9163.47,6108.99,13745.2,0.005686,0.00379,0.008528,186966,124644,280449,0.116006,0.077337,0.174009
30,25017,Middlesex,MA,32295,2279,209.143,5.14286,0.017909,2.23809,1.49206,3.35713,1.3788,961.287,640.858,1441.93,9687.36,6458.25,14531.1,0.006011,0.004007,0.009016,187927,125285,281891,0.116602,0.077735,0.174903
31,25017,Middlesex,MA,32557,2281,217.857,5.14286,0.017545,2.21726,1.47818,3.3259,1.35946,1021,680.664,1531.49,10257.4,6838.29,15386.1,0.006364,0.004243,0.009547,188948,125966,283423,0.117236,0.078157,0.175853
32,25017,Middlesex,MA,32781,2288,217.714,5.14286,0.018372,2.23865,1.49243,3.35797,1.33292,1071.4,714.271,1607.11,10864.4,7242.94,16296.6,0.006741,0.004494,0.010111,190020,126680,285030,0.1179,0.0786,0.176851
33,25017,Middlesex,MA,32907,2288,215.143,4.57143,0.017787,2.23279,1.48853,3.34919,1.29976,1114.27,742.848,1671.41,11498.8,7665.89,17248.2,0.007135,0.004756,0.010702,191134,127423,286701,0.118592,0.079061,0.177888
34,25017,Middlesex,MA,33119,2290,217.857,4.71429,0.017422,2.22835,1.48557,3.34253,1.26108,1141.86,761.24,1712.79,12143.4,8095.63,18215.2,0.007535,0.005023,0.011302,192276,128184,288414,0.1193,0.079534,0.17895
35,25017,Middlesex,MA,33452,2297,234.857,4.57143,0.017828,2.21975,1.47983,3.32962,1.21854,1173.53,782.356,1760.3,12803.2,8535.5,19204.9,0.007944,0.005296,0.011916,193450,128966,290174,0.120028,0.080019,0.180043
36,25017,Middlesex,MA,33774,2305,251.286,4.71429,0.018108,2.20896,1.47264,3.31344,1.17788,1194.29,796.196,1791.44,13460.5,8973.67,20190.7,0.008352,0.005568,0.012528,194644,129763,291966,0.120769,0.080513,0.181154
37,25017,Middlesex,MA,34142,2310,263.857,4.42857,0.018834,2.21136,1.47424,3.31704,1.13522,1205.8,803.871,1808.71,14099.2,9399.45,21148.7,0.008748,0.005832,0.013122,195850,130566,293775,0.121517,0.081012,0.182276
38,25017,Middlesex,MA,34586,2314,289.857,4.71429,0.020492,2.22914,1.4861,3.34372,1.09839,1207.83,805.218,1811.74,14704.9,9803.29,22057.4,0.009124,0.006083,0.013686,197057,131372,295586,0.122267,0.081511,0.1834
39,25017,Middlesex,MA,34979,2319,314,4.42857,0.02107,2.22334,1.48223,3.33502,1.06806,1212.98,808.657,1819.48,15275.1,10183.4,22912.7,0.009478,0.006318,0.014217,198270,132180,297406,0.12302,0.082013,0.184529
40,25017,Middlesex,MA,35177,2322,324.286,4.85714,0.022104,2.23504,1.49003,3.35256,1.04658,1193.66,795.775,1790.49,15780.3,10520.2,23670.4,0.009791,0.006527,0.014687,199464,132976,299196,0.12376,0.082507,0.18564
41,25017,Middlesex,MA,35516,2325,342.429,5,0.023981,2.25073,1.50049,3.3761,1.03179,1205.5,803.666,1808.25,16246.8,10831.2,24370.2,0.010081,0.00672,0.015121,200670,133780,301004,0.124508,0.083005,0.186762
42,25017,Middlesex,MA,36023,2333,367.286,5.14286,0.026786,2.29013,1.52675,3.43519,1.02754,1216.03,810.686,1824.04,16667.4,11111.6,25001.1,0.010342,0.006894,0.015512,201886,134590,302829,0.125263,0.083508,0.187894
43,25017,Middlesex,MA,36551,2341,396.714,5.14286,0.027655,2.28942,1.52628,3.43413,1.02874,1231.21,820.806,1846.81,17051.8,11367.9,25577.7,0.01058,0.007053,0.01587,203117,135411,304675,0.126027,0.084018,0.18904
44,25017,Middlesex,MA,37113,2347,424.429,5.28571,0.029387,2.30661,1.53774,3.45991,1.04795,1239.6,826.399,1859.4,17390.2,11593.5,26085.4,0.01079,0.007193,0.016185,204356,136238,306535,0.126796,0.08453,0.190194
45,25017,Middlesex,MA,37652,2351,438,5.28571,0.029734,2.29663,1.53109,3.44495,1.07743,1258.35,838.902,1887.53,17687.3,11791.6,26531,0.010974,0.007316,0.016462,205615,137077,308422,0.127576,0.085051,0.191365
46,25017,Middlesex,MA,38246,2355,466.714,5.14286,0.030799,2.30965,1.53977,3.46448,1.11835,1290.72,860.48,1936.08,17957,11971.4,26935.6,0.011142,0.007428,0.016713,206905,137937,310358,0.128377,0.085585,0.192566
47,25017,Middlesex,MA,38643,2356,495.143,4.85714,0.031986,2.31459,1.54306,3.47188,1.16885,1400.41,933.609,2100.62,18286,12190.7,27429.1,0.011346,0.007564,0.017019,208306,138871,312459,0.129246,0.086164,0.193869
48,25017,Middlesex,MA,39117,2360,514.429,5,0.032241,2.31067,1.54045,3.466,1.22952,1496.77,997.845,2245.15,18668.5,12445.7,28002.8,0.011583,0.007722,0.017375,209803,139868,314704,0.130175,0.086783,0.195262
49,25017,Middlesex,MA,39666,2366,520.429,4.71429,0.031697,2.29426,1.52951,3.4414,1.28389,1605.22,1070.15,2407.83,19131.9,12754.6,28697.9,0.011871,0.007914,0.017806,211408,140939,317112,0.131171,0.087447,0.196756
50,25017,Middlesex,MA,40230,2367,525.571,3.71429,0.032086,2.29904,1.53269,3.44856,1.33575,1727.56,1151.71,2591.34,19685.9,13124,29528.9,0.012214,0.008143,0.018322,213135,142090,319703,0.132243,0.088162,0.198364
51,25017,Middlesex,MA,40680,2374,509.571,3.85714,0.031757,2.30017,1.53345,3.45026,1.36888,1867.19,1244.8,2800.78,20358.8,13572.6,30538.3,0.012632,0.008421,0.018948,215003,143335,322504,0.133401,0.088934,0.200102
52,25017,Middlesex,MA,41384,2379,533.143,4,0.032144,2.30266,1.53511,3.45399,1.38345,2009.3,1339.54,3013.95,21162.3,14108.2,31743.5,0.01313,0.008754,0.019696,217012,144675,325518,0.134648,0.089765,0.201972
53,25017,Middlesex,MA,42019,2385,539,4.28571,0.030995,2.26951,1.51301,3.40427,1.37508,2145.88,1430.59,3218.82,22100.4,14733.6,33150.6,0.013713,0.009142,0.020569,219158,146105,328737,0.135979,0.090653,0.203969
54,25017,Middlesex,MA,42437,2391,542,5,0.030392,2.26317,1.50878,3.39476,1.34438,2220.84,1480.56,3331.26,23108.2,15405.5,34662.4,0.014338,0.009559,0.021507,221379,147586,332068,0.137357,0.091572,0.206036
55,25017,Middlesex,MA,42863,2394,535.143,4.85714,0.029715,2.24766,1.49844,3.3715,1.29393,2276.46,1517.64,3414.69,24191,16127.4,36286.6,0.01501,0.010006,0.022515,223655,149103,335483,0.13877,0.092513,0.208155
56,25017,Middlesex,MA,43538,2401,553.143,5,0.028994,2.22386,1.48258,3.33579,1.24083,2308.43,1538.96,3462.65,25294,16862.7,37941,0.015694,0.010463,0.023541,225964,150642,338945,0.140202,0.093468,0.210303
57,25017,Middlesex,MA,43538,2401,472.571,4.85714,0.028975,2.27064,1.51376,3.40596,1.18373,2326.83,1551.22,3490.25,26404.8,17603.2,39607.2,0.016383,0.010922,0.024575,228290,152194,342436,0.141646,0.094431,0.212469
58,25017,Middlesex,MA,44577,2406,556.714,4.57143,0.030394,2.25423,1.50282,3.38135,1.13171,2346.46,1564.31,3519.69,27520,18346.7,41280,0.017075,0.011384,0.025613,230637,153758,345955,0.143102,0.095401,0.214653
59,25017,Middlesex,MA,45363,2409,568.429,4.28571,0.032401,2.28939,1.52626,3.43408,1.08882,2360.89,1573.93,3541.33,28641.3,19094.2,42962,0.017771,0.011847,0.026656,232998,155332,349497,0.144567,0.096378,0.21685
60,25017,Middlesex,MA,45972,2418,564.714,4.71429,0.035967,2.35434,1.56956,3.53151,1.05667,2353.77,1569.18,3530.65,29736.7,19824.5,44605.1,0.018451,0.0123,0.027676,235352,156901,353027,0.146027,0.097351,0.21904
61,25017,Middlesex,MA,46230,2425,541.857,4.85714,0.036436,2.37216,1.58144,3.55824,1.03405,2353.28,1568.85,3529.92,30799.3,20532.9,46198.9,0.01911,0.01274,0.028665,237705,158470,356557,0.147487,0.098325,0.221231
62,25017,Middlesex,MA,46743,2430,554.286,5.14286,0.039181,2.40686,1.60458,3.6103,1.01982,2367.51,1578.34,3551.27,31766.4,21177.6,47649.6,0.01971,0.01314,0.029565,240072,160048,360109,0.148956,0.099304,0.223434
63,25017,Middlesex,MA,47671,2435,590.429,4.85714,0.045086,2.46717,1.64478,3.70075,1.00821,2372.88,1581.92,3559.31,32642.5,21761.7,48963.8,0.020254,0.013502,0.03038,242445,161630,363668,0.150428,0.100286,0.225643
64,25017,Middlesex,MA,48896,2443,765.429,6,0.048078,2.40506,1.60337,3.60758,0.998618,2360.18,1573.46,3540.27,33397.5,22265,50096.2,0.020722,0.013815,0.031083,244805,163204,367208,0.151893,0.101262,0.227839
65,25017,Middlesex,MA,50108,2450,790.143,6.28571,0.05178,2.44188,1.62792,3.66281,0.989413,2339.2,1559.47,3508.8,34009.1,22672.8,51013.7,0.021101,0.014068,0.031652,247145,164763,370717,0.153344,0.102229,0.230016
66,25017,Middlesex,MA,51310,2455,849.571,6.57143,0.052943,2.42536,1.61691,3.63804,0.976039,2310.59,1540.39,3465.88,34452.5,22968.3,51678.8,0.021377,0.014251,0.032065,249455,166303,374183,0.154778,0.103185,0.232167
67,25017,Middlesex,MA,52345,2468,910.429,7.14286,0.053234,2.401,1.60067,3.60151,0.962474,2288.88,1525.92,3433.32,34732.1,23154.7,52098.1,0.02155,0.014367,0.032325,251744,167829,377616,0.156198,0.104132,0.234297
68,25017,Middlesex,MA,52839,2479,944.143,7.71429,0.054151,2.39663,1.59776,3.59495,0.950279,2266.08,1510.72,3399.12,34852.3,23234.9,52278.4,0.021625,0.014416,0.032437,254010,169340,381015,0.157604,0.105069,0.236406
69,25017,Middlesex,MA,53518,2483,967.857,7.57143,0.055984,2.40622,1.60415,3.60933,0.937891,2180.5,1453.66,3270.74,34811.9,23208,52217.9,0.0216,0.0144,0.032399,256191,170794,384286,0.158957,0.105971,0.238435
70,25017,Middlesex,MA,54680,2503,1001.29,9.71429,0.057222,2.40962,1.60642,3.61443,0.92698,2143.41,1428.94,3215.12,34678.9,23119.3,52018.3,0.021517,0.014345,0.032276,258334,172223,387501,0.160287,0.106858,0.24043
71,25017,Middlesex,MA,55765,2507,981.286,9.14286,0.056417,2.41076,1.60717,3.61614,0.923564,2112.66,1408.44,3168.99,34483.1,22988.7,51724.7,0.021396,0.014264,0.032093,260447,173631,390670,0.161598,0.107732,0.242396
72,25017,Middlesex,MA,56850,2514,963.143,9.14286,0.056457,2.40748,1.60498,3.61122,0.925632,2076.23,1384.15,3114.34,34232.5,22821.7,51348.8,0.02124,0.01416,0.03186,262523,175015,393784,0.162886,0.108591,0.244329
73,25017,Middlesex,MA,57947,2522,948.143,9.57143,0.056509,2.40928,1.60619,3.61392,0.939337,2051.89,1367.93,3077.84,33938,22625.3,50906.9,0.021057,0.014038,0.031586,264575,176383,396862,0.164159,0.109439,0.246238
74,25017,Middlesex,MA,59078,2529,961.857,8.71429,0.056475,2.40652,1.60435,3.60978,0.960217,2055.92,1370.62,3083.88,33633,22422,50449.5,0.020868,0.013912,0.031302,266631,177754,399946,0.165435,0.11029,0.248152
75,25017,Middlesex,MA,59835,2538,999.429,8.42857,0.05721,2.40153,1.60102,3.60229,0.987224,2077.98,1385.32,3116.96,33357.2,22238.1,50035.8,0.020697,0.013798,0.031045,268709,179139,403063,0.166724,0.111149,0.250086
76,25017,Middlesex,MA,60621,2540,1014.71,8.14286,0.05664,2.39466,1.59644,3.59199,1.01932,2154.5,1436.33,3231.74,33158.4,22105.6,49737.6,0.020574,0.013716,0.03086,270863,180575,406295,0.168061,0.11204,0.252091
77,25017,Middlesex,MA,61640,2551,994.286,6.85714,0.055251,2.37644,1.58429,3.56465,1.05347,2205.92,1470.61,3308.88,32996.8,21997.9,49495.2,0.020473,0.013649,0.03071,273069,182046,409604,0.169429,0.112953,0.254144
78,25017,Middlesex,MA,62721,2563,993.714,8,0.055295,2.37718,1.58479,3.56578,1.07787,2264.04,1509.36,3396.05,32888,21925.3,49331.9,0.020406,0.013604,0.030609,275333,183555,413000,0.170834,0.113889,0.256251
79,25017,Middlesex,MA,63998,2573,1021.14,8.42857,0.054732,2.36831,1.57887,3.55246,1.09523,2326.78,1551.18,3490.16,32854.6,21903,49281.8,0.020385,0.01359,0.030578,277660,185107,416490,0.172278,0.114852,0.258417
80,25017,Middlesex,MA,64782,2582,976.429,8.57143,0.054932,2.37792,1.58528,3.56688,1.10584,2378.38,1585.58,3567.57,32893.7,21929.2,49340.6,0.020409,0.013606,0.030614,280038,186692,420058,0.173753,0.115836,0.26063
81,25017,Middlesex,MA,65653,2597,939.286,9.71429,0.053916,2.36976,1.57984,3.55464,1.10903,2399.37,1599.58,3599.05,32982.5,21988.3,49473.8,0.020464,0.013643,0.030697,282438,188292,423657,0.175242,0.116828,0.262863
82,25017,Middlesex,MA,66506,2602,953,9.14286,0.053791,2.36443,1.57628,3.54664,1.10654,2406.6,1604.4,3609.9,33100.2,22066.8,49650.3,0.020538,0.013692,0.030806,284844,189896,427266,0.176735,0.117824,0.265103
83,25017,Middlesex,MA,67233,2611,944.571,10.1429,0.053509,2.36041,1.57361,3.54061,1.10178,2477.02,1651.35,3715.54,33311.2,22207.5,49966.8,0.020668,0.013779,0.031003,287321,191548,430982,0.178272,0.118848,0.267408
84,25017,Middlesex,MA,68154,2626,930.571,10.7143,0.053985,2.37585,1.5839,3.56378,1.09849,2524.12,1682.75,3786.19,33654.8,22436.5,50482.2,0.020882,0.013921,0.031322,289845,193230,434768,0.179838,0.119892,0.269758
85,25017,Middlesex,MA,69259,2644,934,11.5714,0.053368,2.35829,1.5722,3.53744,1.09818,2582.86,1721.91,3874.3,34094.3,22729.5,51141.4,0.021154,0.014103,0.031731,292428,194952,438642,0.181441,0.120961,0.272162
86,25017,Middlesex,MA,69259,2644,751.571,10.1429,0.053328,2.42067,1.61378,3.631,1.10007,2635.49,1756.99,3953.23,34617.1,23078.1,51925.6,0.021479,0.014319,0.032218,295064,196709,442596,0.183076,0.122051,0.274614
87,25017,Middlesex,MA,70748,2658,852.286,10.8571,0.056747,2.41972,1.61314,3.62957,1.09477,2699.07,1799.38,4048.6,35239.9,23493.3,52859.9,0.021865,0.014577,0.032798,297763,198509,446644,0.184751,0.123167,0.277126
88,25017,Middlesex,MA,71348,2672,813.571,10.7143,0.06021,2.47134,1.64756,3.70701,1.08427,2753.14,1835.42,4129.71,35941.2,23960.8,53911.8,0.0223,0.014867,0.03345,300516,200344,450774,0.186459,0.124306,0.279689
89,25017,Middlesex,MA,72124,2680,802.571,11.1429,0.062395,2.48984,1.65989,3.73476,1.06588,2787.2,1858.13,4180.8,36672.4,24448.3,55008.7,0.022754,0.015169,0.034131,303303,202202,454955,0.188188,0.125459,0.282283
90,25017,Middlesex,MA,72973,2694,820,11.8571,0.064883,2.51126,1.67418,3.76689,1.03851,2729.95,1819.97,4094.93,37324.4,24882.9,55986.6,0.023158,0.015439,0.034738,306033,204022,459050,0.189882,0.126588,0.284824
91,25017,Middlesex,MA,74298,2718,877.714,13.1429,0.071066,2.55105,1.7007,3.82657,0.999871,2665.34,1776.9,3998.01,37835.3,25223.5,56752.9,0.023475,0.01565,0.035213,308698,205799,463048,0.191536,0.127691,0.287304
92,25017,Middlesex,MA,75615,2729,908,12.1429,0.077215,2.59584,1.73056,3.89376,0.958827,2583.62,1722.42,3875.43,38213,25475.3,57319.5,0.02371,0.015807,0.035565,311282,207521,466923,0.193139,0.128759,0.289709
93,25017,Middlesex,MA,75615,2729,908,12.1429,0.077215,2.59355,1.72903,3.89032,0.915353,2496.64,1664.43,3744.96,38445.6,25630.4,57668.4,0.023854,0.015903,0.035781,313779,209186,470668,0.194688,0.129792,0.292032
94,25017,Middlesex,MA,77222,2740,924.857,11.7143,0.081631,2.61906,1.74604,3.9286,0.876985,2372.09,1581.39,3558.13,38490.9,25660.6,57736.3,0.023882,0.015922,0.035823,316151,210767,474226,0.19616,0.130773,0.29424
95,25017,Middlesex,MA,77821,2759,924.714,12.4286,0.081774,2.61424,1.74283,3.92136,0.844255,2249.93,1499.95,3374.89,38362.4,25575,57543.7,0.023803,0.015868,0.035704,318401,212267,477601,0.197556,0.131704,0.296334
96,25017,Middlesex,MA,78663,2772,934.143,13.1429,0.082314,2.6093,1.73953,3.91395,0.819927,2132.02,1421.35,3198.03,38095.1,25396.7,57142.6,0.023637,0.015758,0.035455,320533,213689,480799,0.198879,0.132586,0.298318
97,25017,Middlesex,MA,79505,2784,933.143,12.8571,0.08147,2.59386,1.72924,3.89079,0.803743,2036.86,1357.91,3055.29,37725.4,25150.2,56588,0.023407,0.015605,0.035111,322570,215046,483855,0.200143,0.133428,0.300214
98,25017,Middlesex,MA,80812,2802,930.571,12,0.078569,2.56403,1.70935,3.84604,0.797978,1952.91,1301.94,2929.36,37201.2,24800.8,55801.9,0.023082,0.015388,0.034623,324523,216348,486784,0.201354,0.134236,0.302032
99,25017,Middlesex,MA,82238,2807,946.143,11.1429,0.077086,2.5447,1.69647,3.81706,0.798025,1866.67,1244.45,2800.01,36543.8,24362.5,54815.7,0.022674,0.015116,0.034011,326389,217593,489584,0.202513,0.135008,0.303769
100,25017,Middlesex,MA,83698,2819,1154.71,12.8571,0.076657,2.46633,1.64422,3.6995,0.803306,1785.42,1190.28,2678.13,35746.4,23830.9,53619.5,0.022179,0.014786,0.033269,328175,218783,492262,0.20362,0.135747,0.30543
101,25017,Middlesex,MA,85112,2837,1127.14,13.8571,0.072869,2.44154,1.62769,3.66231,0.811617,1728.45,1152.3,2592.67,34839.3,23226.2,52258.9,0.021617,0.014411,0.032425,329903,219935,494855,0.204693,0.136462,0.307039
102,25017,Middlesex,MA,86020,2851,1171.29,13.1429,0.072046,2.41496,1.60997,3.62244,0.822073,1679.38,1119.58,2519.06,33819.6,22546.4,50729.4,0.020984,0.013989,0.031476,331582,221055,497374,0.205735,0.137157,0.308602
103,25017,Middlesex,MA,86826,2863,1166.14,13,0.070792,2.40608,1.60405,3.60911,0.83119,1634.34,1089.56,2451.52,32700.8,21800.6,49051.2,0.02029,0.013526,0.030435,333217,222145,499825,0.206749,0.137833,0.310123
104,25017,Middlesex,MA,87864,2879,1194.14,13.5714,0.07099,2.39964,1.59976,3.59946,0.837747,1580.24,1053.49,2370.35,31493.9,20995.9,47240.8,0.019541,0.013027,0.029311,334797,223198,502196,0.207729,0.138486,0.311594
105,25017,Middlesex,MA,88898,2903,1155.14,14.4286,0.06978,2.3932,1.59547,3.5898,0.840318,1527.25,1018.17,2290.88,30291.2,20194.1,45436.7,0.018795,0.01253,0.028192,336324,224216,504486,0.208677,0.139118,0.313015
106,25017,Middlesex,MA,89999,2910,1108.71,14.7143,0.068024,2.38663,1.59109,3.57994,0.838916,1470.48,980.318,2205.72,29096.3,19397.5,43644.4,0.018053,0.012036,0.02708,337795,225197,506692,0.209589,0.139726,0.314384
107,25017,Middlesex,MA,90918,2925,1031.43,15.1429,0.064682,2.37261,1.58174,3.55891,0.833174,1409.75,939.831,2114.62,27922.4,18614.9,41883.6,0.017325,0.01155,0.025987,339205,226136,508807,0.210464,0.140309,0.315696
108,25017,Middlesex,MA,91946,2939,976.286,14.5714,0.061852,2.35555,1.57037,3.53333,0.825066,1354.38,902.92,2031.57,26780.2,17853.4,40170.2,0.016616,0.011077,0.024924,340559,227039,510838,0.211304,0.14087,0.316956
109,25017,Middlesex,MA,92781,2950,965.857,14.1429,0.059157,2.33633,1.55756,3.5045,0.815309,1287.38,858.256,1931.08,25695.5,17130.3,38543.2,0.015943,0.010629,0.023915,341846,227898,512769,0.212103,0.141402,0.318155
110,25017,Middlesex,MA,93414,2958,941.143,13.5714,0.058346,2.33437,1.55625,3.50156,0.807045,1216.73,811.156,1825.1,24662.3,16441.5,36993.4,0.015302,0.010201,0.022953,343063,228709,514595,0.212858,0.141905,0.319287
111,25017,Middlesex,MA,93861,2969,856.714,12.8571,0.055784,2.32705,1.55137,3.49057,0.802264,1161.39,774.259,1742.08,23691.6,15794.4,35537.4,0.0147,0.0098,0.02205,344224,229483,516337,0.213579,0.142386,0.320368
112,25017,Middlesex,MA,94631,2992,819,12.7143,0.055081,2.33135,1.55423,3.49702,0.800583,1109.61,739.741,1664.42,22764.4,15176.2,34146.6,0.014125,0.009416,0.021187,345334,230223,518001,0.214267,0.142845,0.321401
113,25017,Middlesex,MA,95512,3004,787.571,13.4286,0.052784,2.31186,1.54124,3.46778,0.802824,1073.9,715.93,1610.84,21885.4,14590.2,32828,0.013579,0.009053,0.020369,346408,230939,519612,0.214933,0.143289,0.3224
114,25017,Middlesex,MA,96331,3020,773.286,13.5714,0.051949,2.30321,1.53547,3.45481,0.810474,1037.6,691.736,1556.41,21056.3,14037.5,31584.4,0.013065,0.00871,0.019597,347446,231630,521168,0.215577,0.143718,0.323366
115,25017,Middlesex,MA,97177,3031,747.286,13.1429,0.050019,2.29102,1.52735,3.43654,0.819574,993.991,662.661,1490.99,20264.9,13509.9,30397.3,0.012574,0.008382,0.01886,348440,232293,522659,0.216194,0.144129,0.324291
116,25017,Middlesex,MA,97870,3036,727,12.2857,0.048279,2.27359,1.51572,3.41038,0.829288,964.379,642.92,1446.57,19500.8,13000.5,29251.2,0.0121,0.008066,0.018149,349404,232936,524106,0.216792,0.144528,0.325188
117,25017,Middlesex,MA,98482,3042,724,12,0.046678,2.24891,1.49927,3.37336,0.837467,943.426,628.951,1415.14,18764.9,12509.9,28147.3,0.011643,0.007762,0.017464,350347,233565,525521,0.217378,0.144918,0.326066
118,25017,Middlesex,MA,98828,3051,709.571,11.7143,0.046185,2.24754,1.49836,3.37132,0.842856,916.575,611.05,1374.86,18047.1,12031.4,27070.6,0.011198,0.007465,0.016796,351264,234176,526896,0.217946,0.145298,0.32692
119,25017,Middlesex,MA,99560,3065,704.143,10.4286,0.043404,2.22382,1.48254,3.33572,0.84528,887.254,591.502,1330.88,17354.1,11569.4,26031.1,0.010768,0.007178,0.016151,352151,234767,528227,0.218497,0.145665,0.327745
120,25017,Middlesex,MA,100273,3074,680.143,10,0.04229,2.21356,1.47571,3.32034,0.844599,845.047,563.364,1267.57,16671.9,11114.6,25007.8,0.010344,0.006896,0.015516,352996,235331,529494,0.219021,0.146014,0.328532
121,25017,Middlesex,MA,100774,3091,634.714,10.1429,0.040223,2.2093,1.47286,3.31395,0.840587,813.648,542.431,1220.47,16015.1,10676.7,24022.6,0.009937,0.006625,0.014905,353810,235873,530715,0.219526,0.146351,0.329289
122,25017,Middlesex,MA,101488,3114,615.857,11.8571,0.037578,2.17772,1.45181,3.26657,0.837521,786.723,524.481,1180.08,15392,10261.4,23088.1,0.00955,0.006367,0.014325,354597,236398,531895,0.220014,0.146676,0.330021